111,107,131,803,110,203,120,314,130,468,117,143,126,639,121,635,133,668,122,939,125,701,115,287,122,862,144,629,125,312,135,172,126,477,132,3,130,112,115,546,112,94,140,782,119,554,119,554,119,906,108,556,114,737,118,537,132,48,130,437,142,244,130,957,999999,999999,131,561,117,894,134,871,113,953,139,219,137,466,130,73,134,938,128,737,132,457,127,328,144,67,143,26,102,225,130,276,117,189,130,86,123,773,133,696,120,295,121,49,130,24,130,862,122,178,121,682,121,806,119,532,139,655,114,649,131,249,129,89,129,431,111,906,125,204,134,57,138,797,111,8,127,159,139,152,117,654,114,95,125,408,140,53,114,321,135,374,122,414,126,527,127,648,125,103,105,916,126,733,103,892,130,951,108,789,145,715,130,56,130,474,123,464,134,85,134,103,130,561,118,952,133,143,119,105,108,566,131,917,128,44,117,912,134,76,150,518,124,807,117,172,132,891,129,602,124,274,137,976,125,427,124,48,134,222,130,114,114,329,132,93,,139,3,,,I
137,865,122,817,128,177,145,23,117,694,129,301,132,499,132,51,133,469,130,2,148,222,126,694,147,879,145,252,134,522,121,843,141,356,123,794,141,709,134,782,135,88,134,448,141,725,136,334,134,233,120,693,136,658,112,79,131,86,134,846,123,429,125,831,131,747,146,428,125,57,136,675,138,162,131,43,151,526,137,731,138,123,138,852,131,294,134,566,130,55,137,433,145,1,150,803,124,627,155,389,133,709,139,229,134,341,142,289,156,174,142,378,138,998,138,328,130,661,128,29,139,88,145,614,142,243,125,264,154,97,143,261,122,26,118,191,141,238,137,64,138,23,147,905,131,813,139,647,137,646,137,372,131,147,133,525,137,473,141,842,140,648,142,473,126,225,120,491,130,583,135,906,121,645,135,226,131,61,121,877,141,308,138,391,148,171,129,502,127,97,141,284,131,58,131,491,141,975,133,594,132,756,133,748,128,976,158,28,146,581,119,993,123,704,145,593,131,408,124,862,127,718,142,594,130,253,121,258,134,996,128,524,,144,3,F
126,383,122,364,145,82,129,48,135,28,139,572,116,412,131,697,130,86,125,848,139,824,125,558,144,56,134,464,130,98,139,336,111,178,132,958,126,269,127,334,113,333,127,899,117,46,121,172,135,661,112,27,118,506,146,641,132,56,119,217,130,21,130,596,145,766,126,323,125,202,130,346,130,169,131,126,104,6,125,848,116,646,124,787,129,635,124,263,118,673,117,16,137,361,128,251,137,799,136,247,142,9,136,135,125,82,135,253,141,382,143,702,126,5,144,351,124,448,126,897,140,371,123,955,123,626,126,34,157,96,133,488,131,935,104,753,139,967,115,487,125,453,137,108,140,886,143,574,129,822,123,664,120,937,132,269,137,259,124,121,149,18,139,465,117,169,120,95,115,604,121,731,129,996,132,487,129,601,145,415,119,769,137,956,129,601,132,307,130,501,141,893,135,633,137,398,130,239,133,685,133,293,138,136,133,361,130,91,130,65,122,76,136,135,131,747,142,254,132,167,137,784,123,251,151,539,135,83,125,89,129,741,,142,3,V
139,544,142,227,133,243,141,66,138,705,139,29,126,866,134,796,134,729,136,393,120,325,139,277,127,46,134,451,126,479,118,163,130,99,142,335,105,753,123,149,130,581,131,453,143,352,144,909,126,62,150,16,142,757,129,175,148,455,132,768,139,634,139,43,142,539,108,233,134,386,136,331,148,435,132,2,125,603,133,115,146,52,154,388,135,521,132,262,128,99,121,37,131,325,135,137,134,379,116,115,128,283,138,274,148,863,126,848,109,757,133,247,125,161,127,178,129,695,127,324,127,627,119,856,126,5,138,264,142,451,141,156,143,633,145,727,110,744,150,5,137,106,132,254,136,303,148,181,128,346,113,945,123,643,148,228,130,282,126,676,130,214,132,428,138,163,163,817,112,573,155,742,118,548,129,415,145,203,150,734,104,828,120,842,145,226,150,8,124,401,120,447,118,192,149,794,130,74,137,363,128,831,129,398,125,531,139,193,136,211,121,918,138,369,138,995,135,999,140,84,141,828,138,461,131,897,115,323,140,908,130,419,,142,5,K
132,717,121,779,153,933,146,177,134,209,141,943,136,51,129,59,134,549,130,123,126,912,139,683,138,26,129,857,134,972,126,647,138,594,132,996,133,171,136,92,114,967,135,195,127,41,129,287,125,232,148,547,134,646,140,451,117,367,127,548,142,967,143,45,131,201,116,352,140,663,136,357,151,873,124,88,144,554,121,781,142,191,141,187,146,173,132,118,130,36,124,427,128,128,126,37,117,466,121,737,137,17,135,336,124,45,129,947,126,579,135,46,136,73,124,77,134,75,117,666,118,296,125,767,123,453,147,866,122,219,131,258,131,454,125,177,111,359,139,115,140,155,127,737,143,702,123,791,123,834,135,707,129,444,145,69,143,107,108,23,130,819,133,916,132,86,140,506,132,476,133,415,121,368,129,847,130,892,131,672,135,556,139,711,117,421,146,31,134,581,112,729,136,14,132,15,118,771,139,976,136,99,110,637,154,369,131,113,117,577,160,322,141,49,151,271,141,742,141,16,117,442,108,518,119,856,134,767,131,672,133,236,,138,4,T
151,819,135,927,133,17,129,503,130,36,145,393,125,325,138,308,151,362,139,933,118,789,131,473,129,109,155,847,134,867,136,996,152,233,125,376,134,362,144,645,155,417,135,644,152,188,127,246,156,302,147,821,151,723,138,406,172,269,144,131,152,587,132,596,148,502,141,36,161,321,140,597,140,112,148,337,128,485,152,782,143,175,143,19,139,792,133,304,157,911,138,54,146,849,142,497,144,772,125,341,131,884,150,219,132,403,149,693,149,213,128,965,134,112,158,412,150,494,124,699,139,458,143,806,129,228,138,313,147,555,157,67,132,25,137,554,135,562,138,508,134,361,137,61,132,927,159,482,162,485,156,927,147,152,132,897,140,591,145,695,132,625,156,238,130,892,143,81,145,491,153,306,136,413,143,216,125,814,127,88,139,308,145,68,133,54,159,456,152,586,159,108,155,594,127,55,140,314,136,33,126,447,136,92,129,932,127,417,136,233,149,473,154,561,125,35,139,22,144,777,165,296,145,878,145,188,143,135,151,206,111,953,,145,3,L
139,764,133,37,147,448,152,826,135,679,127,581,123,798,150,304,153,853,137,819,133,431,152,661,119,696,152,226,132,793,145,832,141,768,135,684,146,515,132,697,146,46,138,645,141,623,141,857,143,75,122,629,133,446,131,978,143,402,135,729,147,371,155,917,137,617,148,119,146,576,129,62,155,668,150,645,152,383,139,332,140,579,146,972,149,304,147,147,142,678,155,718,134,842,129,91,153,937,138,418,146,41,138,35,135,641,150,803,144,793,149,517,132,263,154,166,129,623,133,547,147,978,153,217,135,676,114,1,141,676,144,966,148,899,134,697,150,243,162,453,125,271,130,273,135,575,130,56,133,827,147,695,146,715,126,572,130,335,139,19,152,496,148,258,143,784,151,846,145,358,149,2,145,84,137,75,133,414,149,789,135,143,743,134,376,120,443,126,648,140,683,136,453,144,156,138,309,125,2,163,644,141,4,122,813,122,362,128,12,155,9,149,73,123,42,121,538,134,17,156,278,147,847,124,609,135,674,143,422,166,645,,141,7,,T
139,182,151,907,131,195,129,524,153,752,133,478,143,32,129,689,140,997,146,621,134,739,131,359,128,836,113,859,133,658,125,709,127,671,139,48,131,128,137,763,137,732,145,721,134,641,135,976,138,308,154,655,123,941,129,756,121,463,134,47,132,838,131,578,155,263,138,841,133,241,135,595,134,376,137,616,131,854,121,135,144,783,130,47,124,411,138,151,154,254,129,666,150,857,129,387,139,5,115,266,133,502,145,844,119,187,129,108,142,412,126,48,155,12,134,534,125,642,134,134,134,917,112,847,131,861,144,693,138,194,120,179,137,339,122,22,116,336,149,236,112,767,145,74,141,996,147,155,122,83,119,485,123,528,127,496,145,939,136,367,123,932,132,188,137,889,113,629,132,564,115,143,130,814,132,945,116,962,109,956,136,912,129,761,123,196,114,15,137,263,141,331,135,38,117,968,136,48,118,651,130,64,130,66,128,161,127,542,132,276,146,458,131,968,131,655,136,436,148,761,133,37,134,656,133,16,135,404,132,466,135,574,,143,1,K
134,844,126,519,109,85,129,931,144,63,142,535,128,517,138,303,143,874,122,45,147,85,134,307,119,237,130,38,127,565,152,589,121,262,124,522,146,417,118,748,140,133,146,828,143,449,135,209,121,633,136,264,131,275,137,181,134,2,138,312,142,153,117,628,125,746,142,665,129,211,138,609,126,297,147,45,128,183,128,668,146,532,141,3,136,951,111,389,120,793,156,252,130,785,146,279,116,175,129,84,137,971,139,834,133,401,127,832,132,271,140,517,152,734,149,918,124,278,140,312,127,693,158,176,161,633,115,825,133,92,150,794,124,678,130,554,142,6,140,116,132,668,120,4,153,51,136,23,151,791,151,41,139,179,128,37,129,862,141,995,125,379,128,792,148,89,133,16,154,492,150,559,136,378,126,986,150,379,139,113,133,935,127,473,124,53,141,865,149,462,127,22,145,256,129,958,129,64,115,64,138,793,141,334,142,216,125,647,109,61,150,219,147,749,138,39,124,411,116,66,124,39,145,109,148,134,126,872,122,851,150,241,,143,3,T
127,677,137,31,149,505,123,421,126,539,149,52,130,382,140,84,128,513,132,941,131,8,141,237,125,492,125,662,126,995,135,6,126,528,130,847,128,528,134,102,141,925,141,626,149,299,129,866,142,44,134,63,134,55,109,262,136,874,140,325,132,318,129,353,128,6,128,39,136,141,119,61,128,96,136,867,141,159,123,526,119,804,125,262,134,652,131,112,138,487,121,45,131,132,132,606,120,1,124,62,120,17,129,44,129,558,141,955,149,418,134,448,137,92,124,388,137,142,138,411,127,695,130,829,124,125,117,54,118,148,132,158,127,517,148,13,114,918,157,969,132,493,120,328,114,682,125,824,121,737,140,211,123,182,114,449,132,904,122,574,143,803,133,766,139,897,132,654,134,987,127,887,132,481,125,536,119,68,142,791,144,337,132,516,122,489,147,527,126,315,148,733,142,19,139,899,116,408,139,751,145,1,140,489,136,191,121,362,136,817,139,771,141,553,135,9,143,554,120,652,140,355,122,993,141,958,130,31,149,772,135,968,,141,4,I
129,152,144,926,103,452,128,656,141,558,123,51,134,944,135,169,139,317,155,112,124,104,128,213,149,758,129,107,140,147,130,219,155,349,122,521,128,953,135,134,147,873,135,121,143,851,126,518,126,791,132,185,123,42,135,55,121,946,135,863,122,839,159,723,137,425,129,71,121,939,113,668,144,457,141,416,129,26,126,409,128,911,129,89,124,712,125,398,151,73,161,997,147,964,136,173,112,549,133,552,116,283,148,689,167,535,156,387,144,364,118,514,147,205,146,658,110,375,125,152,149,45,144,788,112,729,129,777,120,309,117,52,133,573,118,304,135,1,122,644,143,598,127,578,133,405,139,485,135,62,138,689,134,748,140,713,135,27,134,69,120,484,122,398,151,165,137,389,134,184,148,762,130,805,133,534,116,816,130,566,129,456,142,665,137,3,130,871,148,898,133,657,137,714,130,855,161,25,108,684,162,921,137,585,110,835,140,156,123,747,134,366,126,172,129,45,140,143,142,518,137,951,143,636,144,606,143,87,155,89,111,856,,143,7,T
144,839,136,227,139,307,131,289,140,72,141,909,139,902,124,78,129,679,144,671,140,654,136,301,129,842,138,36,127,349,129,46,109,213,129,557,130,799,139,212,146,292,125,767,136,645,122,801,125,799,134,934,118,89,127,192,133,906,130,32,137,611,142,704,132,358,125,643,121,1,141,143,142,551,134,223,144,171,116,939,137,518,135,677,127,836,126,49,144,54,119,593,112,945,137,659,133,649,121,868,110,832,126,903,127,623,141,365,150,243,111,96,115,358,119,218,153,46,148,714,143,628,138,89,126,802,128,11,122,88,146,771,152,587,131,7,125,311,131,163,122,884,123,422,121,2,125,134,116,52,132,395,117,349,110,187,143,782,134,809,137,821,141,913,119,45,121,994,132,959,128,788,137,918,127,362,133,571,124,555,135,518,129,519,137,198,119,748,100,787,147,9,132,187,143,443,134,513,136,243,134,854,126,944,134,678,140,305,142,973,136,736,131,489,146,42,136,41,137,76,116,999,121,198,141,65,129,419,127,277,134,563,,141,1,L
139,296,130,191,134,453,130,808,133,602,126,64,138,195,118,216,129,137,133,456,122,911,134,736,138,95,132,994,138,562,136,888,131,29,119,923,128,130,422,141,641,146,878,126,917,142,817,129,17,148,479,130,768,134,134,126,206,135,348,107,559,138,396,140,594,127,267,129,309,132,965,126,723,127,1,130,707,129,79,119,484,141,308,141,993,117,59,139,422,154,186,142,821,126,857,147,201,131,394,153,16,134,231,145,252,139,466,125,283,146,256,141,47,158,935,135,357,141,913,117,248,146,808,148,921,115,425,141,3,131,113,675,123,711,138,258,118,698,140,585,130,578,115,37,144,419,129,839,135,74,139,34,131,234,115,444,133,289,139,785,142,179,117,613,136,544,148,186,124,712,139,442,142,624,132,178,115,95,131,347,144,149,135,451,126,882,139,833,129,702,145,686,125,772,141,14,146,484,142,855,138,49,140,734,127,285,142,82,133,408,138,715,137,331,134,222,143,974,145,643,148,874,145,445,132,36,123,215,130,913,,142,9,,,E
129,448,124,916,126,977,126,319,105,474,120,82,145,428,121,38,116,944,132,349,136,225,120,493,139,15,127,91,129,208,144,556,118,727,134,533,136,813,139,544,115,537,129,835,137,185,122,383,133,329,123,262,127,334,115,762,123,91,119,908,136,663,133,708,126,338,149,77,130,533,145,519,109,328,144,268,138,926,126,116,118,19,148,828,103,838,142,176,122,192,145,228,143,454,134,465,115,204,133,406,115,938,107,111,125,557,138,474,125,609,119,204,105,235,122,814,120,815,120,901,138,547,128,556,120,389,137,382,125,591,114,881,149,213,119,669,138,618,119,508,126,217,126,54,134,875,130,35,121,998,125,26,150,705,112,71,126,607,127,136,115,558,138,636,135,357,123,753,129,52,124,537,113,1,134,34,139,65,112,452,117,811,110,927,131,761,120,23,127,66,130,221,116,924,144,185,124,819,149,421,132,878,125,682,130,465,127,422,141,879,133,59,131,897,120,417,122,746,119,98,132,908,121,934,111,709,113,961,126,253,153,986,,140,7,V
129,286,128,846,151,497,127,336,149,737,151,208,143,45,151,513,134,223,128,43,138,369,134,654,118,349,123,678,146,769,115,396,144,764,110,624,140,726,136,816,144,265,118,458,160,46,129,828,143,97,137,669,138,818,138,705,135,862,129,768,142,525,155,968,119,204,147,419,141,458,147,813,127,291,142,945,126,663,152,707,130,832,125,144,132,881,118,57,135,839,111,874,131,404,117,77,146,273,136,157,130,286,128,963,129,366,146,289,136,48,128,876,138,854,122,284,138,81,123,375,141,924,140,98,135,355,118,426,141,822,140,356,142,275,145,35,126,13,115,501,139,185,115,233,116,611,125,577,135,501,118,44,133,41,132,354,132,351,141,637,132,24,145,512,122,501,139,93,132,188,129,47,144,866,155,503,152,817,140,587,122,442,118,152,126,51,130,775,136,645,128,979,124,544,141,732,132,856,129,4,134,145,133,617,122,786,140,915,145,383,128,356,136,587,132,5,120,321,133,535,141,145,126,982,133,712,114,585,131,288,142,837,,141,5,E
150,161,157,133,144,758,123,181,136,552,143,399,129,158,141,92,144,7,152,138,149,513,142,883,119,817,143,48,146,628,141,222,151,807,149,508,154,466,142,796,140,832,133,883,125,915,141,304,138,981,151,74,140,502,128,174,149,543,133,944,134,64,138,612,153,38,135,873,150,647,141,299,143,764,155,516,143,348,139,281,120,69,160,73,117,883,156,948,128,327,141,678,145,849,153,265,132,8,142,144,135,573,151,9,141,827,142,761,134,55,135,973,126,926,132,39,138,391,142,529,147,457,127,44,139,405,145,623,135,882,145,753,154,749,120,4,133,504,129,408,152,702,147,237,137,351,144,187,129,775,152,956,159,575,130,825,139,733,134,56,150,975,119,194,134,902,144,32,132,121,147,103,134,184,141,592,149,517,134,56,155,274,154,128,140,748,139,264,142,958,151,396,133,308,133,478,163,858,138,538,136,612,143,322,145,489,154,5,128,542,123,983,150,38,129,114,142,823,138,273,150,991,132,955,155,483,148,438,127,819,162,401,,149,9,P
107,759,147,969,155,467,144,205,134,111,135,997,141,447,154,791,139,644,144,809,148,526,142,467,144,474,156,459,138,158,135,771,144,519,119,58,141,557,147,358,143,169,129,124,139,655,130,472,126,616,139,68,138,911,126,1,121,849,132,983,140,222,127,95,132,51,135,37,146,18,139,285,148,645,134,297,132,97,139,688,147,25,159,508,124,918,146,523,135,355,134,363,139,115,142,7,149,962,140,105,154,994,136,209,140,22,160,416,149,48,140,647,150,891,151,76,152,771,148,385,153,598,155,668,146,544,146,339,134,815,144,34,141,675,128,158,128,283,154,987,133,124,122,61,156,934,132,124,136,199,142,697,146,564,152,868,143,502,131,207,113,64,140,864,143,212,140,975,136,442,127,802,132,938,140,645,145,628,133,125,143,561,130,614,133,581,132,332,159,427,137,353,135,725,146,4,158,946,120,881,136,264,139,635,150,33,145,22,132,574,138,451,131,514,139,676,136,485,135,881,129,182,135,793,127,199,131,902,139,959,147,639,,141,8,S
120,485,130,747,117,557,137,813,138,67,138,861,133,147,117,736,135,124,146,425,138,6,141,425,127,401,136,553,136,471,141,904,121,707,144,602,128,344,134,175,130,95,136,84,169,187,129,371,142,607,134,63,119,621,143,976,133,522,138,254,123,766,141,555,136,34,140,476,135,917,134,313,136,946,131,838,118,867,142,353,137,388,120,903,137,168,135,426,108,951,137,85,140,547,142,911,147,536,133,556,132,464,140,872,125,24,137,172,114,208,152,425,147,218,143,126,140,113,133,7,143,396,139,966,142,258,122,509,135,875,123,23,137,335,103,508,135,854,152,86,156,675,128,376,143,152,125,848,142,266,137,336,128,943,121,67,112,126,133,542,127,616,130,671,113,786,129,686,143,791,139,175,138,626,145,944,144,861,136,112,142,401,137,277,122,559,133,469,151,483,134,433,119,332,146,965,114,871,124,96,130,555,132,524,136,798,130,311,135,771,128,328,133,291,147,24,142,666,120,786,134,731,136,246,145,187,128,313,144,584,135,542,,144,6,D
148,716,126,967,112,886,135,199,142,13,133,182,152,891,125,65,142,53,125,605,133,432,122,912,118,68,107,46,130,74,143,82,110,835,134,77,116,733,128,2,145,576,129,33,124,806,139,96,141,557,134,432,146,984,135,209,132,841,121,159,130,29,131,203,131,958,148,299,120,257,124,172,127,563,138,663,132,134,138,67,131,93,127,737,139,399,124,465,147,309,136,395,130,324,108,273,119,758,132,565,122,998,143,791,123,622,124,553,133,483,126,795,127,427,127,483,147,42,127,744,147,696,128,953,144,747,122,235,146,435,137,785,152,977,119,37,137,561,130,402,123,96,131,64,123,839,121,3,135,76,126,167,151,496,121,32,123,869,131,369,139,87,136,152,128,38,121,477,132,148,127,78,123,236,125,303,130,607,138,951,135,987,122,876,139,185,126,92,130,244,145,29,123,9,132,709,129,382,127,513,127,237,130,621,122,5,153,498,114,151,115,899,102,721,135,657,134,116,141,396,117,292,128,326,130,919,118,201,141,219,105,946,,140,3,T
133,511,133,475,163,385,129,974,149,581,124,389,139,969,141,883,139,6,150,241,164,938,127,884,150,24,129,77,155,266,146,553,121,541,149,951,148,55,142,121,139,25,140,31,146,64,138,897,144,401,118,894,127,718,149,252,149,158,156,226,148,621,156,979,142,907,137,54,153,663,134,882,129,3,131,73,140,123,128,916,122,599,132,355,138,57,126,374,123,813,136,946,115,113,126,252,135,522,139,449,132,645,134,357,137,827,153,61,126,937,142,524,112,764,125,645,132,582,157,529,125,15,133,74,140,301,128,22,141,432,128,576,157,981,140,304,131,45,136,274,153,135,148,424,132,322,138,879,151,576,119,81,147,63,150,12,139,18,151,241,124,838,137,924,139,549,128,385,157,615,131,21,146,248,128,978,133,569,140,182,124,635,132,26,140,58,125,555,131,35,135,801,136,419,124,663,130,458,144,354,139,63,127,69,141,556,131,64,124,84,162,296,128,414,139,65,128,894,143,41,137,959,132,881,141,211,137,971,155,441,160,94,,144,6,I
127,173,140,571,144,97,151,949,136,206,142,538,156,831,136,515,145,705,145,993,150,459,137,59,153,592,157,145,147,56,152,864,142,355,136,591,141,336,134,461,138,53,137,688,149,848,154,515,148,899,137,176,146,362,137,16,135,15,129,324,146,638,162,207,139,616,157,644,143,164,148,929,163,602,149,693,145,916,139,363,138,916,157,866,138,349,141,99,130,413,151,297,140,246,136,37,130,413,149,281,166,271,152,217,152,909,142,952,158,218,158,946,170,622,146,172,119,144,132,878,146,276,151,174,129,282,154,197,171,718,147,327,154,775,149,469,143,183,144,179,141,647,137,116,149,83,152,798,150,354,138,179,140,664,159,407,145,59,160,1,146,184,114,474,130,18,133,847,137,271,117,258,146,939,155,331,146,186,146,2,149,898,146,947,140,578,131,231,106,201,141,508,148,75,139,912,143,411,155,16,138,45,145,901,135,986,119,735,154,33,144,558,141,107,150,858,137,697,146,5,143,9,158,391,163,5,140,148,151,175,121,435,,145,7,E
149,161,158,229,154,637,153,332,140,123,164,644,168,882,154,498,156,268,164,23,156,28,141,633,122,152,145,91,141,354,163,205,165,231,132,69,144,219,150,2,145,266,152,906,138,97,147,483,147,384,152,811,158,73,144,663,144,937,140,842,132,26,154,575,148,425,154,777,166,379,149,788,168,518,156,18,162,123,161,868,152,856,136,812,157,797,123,787,164,5,143,109,142,473,114,557,138,341,145,528,148,527,127,775,143,891,143,756,147,878,131,235,155,656,159,385,141,252,154,405,145,883,142,649,153,72,173,949,151,195,135,271,159,813,141,771,137,811,145,955,137,35,144,144,143,291,167,899,157,448,137,822,142,572,153,301,132,195,125,851,153,247,137,97,142,899,154,703,151,93,145,288,159,64,130,923,151,44,148,388,156,542,152,856,167,502,159,347,131,658,164,667,137,666,127,9,142,684,149,22,151,129,164,432,141,395,141,25,153,795,143,452,143,239,154,87,138,824,142,688,158,213,146,384,147,395,150,7,139,462,131,457,,149,1,N
138,324,118,97,134,646,129,723,144,98,137,666,151,491,134,74,129,53,133,98,146,848,139,296,148,43,126,588,141,827,127,944,150,288,139,17,128,229,136,253,141,143,151,538,128,494,119,452,119,85,134,15,139,899,131,5,129,39,156,638,145,136,137,721,140,753,161,654,139,337,137,659,149,416,149,96,140,572,136,373,137,201,136,798,134,829,134,367,161,283,157,872,127,199,126,929,147,356,134,244,142,436,149,559,160,137,140,371,129,737,155,206,142,369,139,718,131,278,157,18,159,345,140,758,140,458,150,768,145,746,142,344,135,431,145,995,146,658,142,111,149,601,132,637,123,925,139,513,140,462,138,246,155,933,140,171,138,91,124,693,125,182,124,654,140,634,138,785,140,964,130,393,134,647,120,899,140,311,131,258,142,126,133,991,164,123,127,975,159,739,150,872,127,894,124,387,121,69,173,885,119,738,137,169,140,732,146,855,142,78,176,89,138,922,167,942,127,965,150,2,147,302,134,123,135,84,141,357,138,496,148,471,,145,9,V
144,533,149,606,130,54,138,51,130,966,147,195,136,849,132,954,138,696,136,145,148,21,154,538,137,16,128,775,151,759,130,947,135,351,143,155,155,677,137,899,139,285,140,371,155,394,160,308,158,158,143,946,145,981,135,854,150,62,134,732,156,673,153,82,143,37,132,299,137,426,143,366,142,206,146,672,155,51,128,985,139,497,148,37,160,976,131,659,135,57,151,455,124,393,155,737,148,324,130,331,152,838,140,239,164,544,151,925,151,189,120,77,150,535,138,48,126,924,140,117,126,178,144,957,145,645,143,298,150,423,125,251,135,691,132,673,148,419,146,964,141,102,149,86,126,67,134,647,142,949,141,1,129,156,29,132,709,122,21,145,473,126,595,130,691,141,419,137,223,139,38,131,696,140,619,137,457,114,664,151,614,157,243,140,651,128,77,150,925,140,214,141,265,161,112,124,857,148,89,136,382,131,316,155,809,134,466,135,943,146,119,145,396,156,923,157,34,134,375,148,726,145,245,141,569,137,879,149,57,148,789,,150,3,,K
134,48,152,495,153,359,145,221,156,323,168,281,160,618,146,979,148,511,155,974,150,45,136,79,141,738,158,405,148,351,154,66,156,784,142,543,139,8,160,756,136,613,145,314,146,397,157,201,151,688,134,993,132,745,160,784,129,952,134,712,141,613,145,746,146,277,141,72,130,232,133,912,141,509,146,369,140,288,143,13,144,118,159,97,152,146,68,130,5,152,702,163,753,139,488,155,612,162,641,127,616,156,526,147,676,140,739,154,887,153,904,153,406,144,95,159,215,159,848,146,865,156,25,149,829,150,812,156,254,152,865,154,195,145,375,143,6,154,677,160,375,139,539,140,678,139,908,155,535,151,39,151,173,146,286,160,265,137,657,163,232,154,625,147,395,150,8,145,299,160,448,138,357,124,628,142,86,144,93,173,351,150,27,148,241,139,601,154,832,144,541,140,898,164,236,149,37,148,419,154,426,149,695,155,621,149,395,148,469,137,728,130,731,130,95,136,972,132,63,136,977,156,375,151,563,154,536,147,436,160,404,,147,5,,A
146,226,166,746,136,207,150,597,153,918,156,414,141,48,152,239,164,358,134,235,155,673,157,61,145,709,144,109,146,619,138,708,156,266,124,897,140,636,137,308,139,554,152,705,149,794,157,77,141,753,134,438,141,486,114,208,127,782,158,537,150,45,138,125,139,863,129,587,132,619,151,924,139,572,154,905,147,364,143,357,149,779,154,12,148,866,153,931,136,924,144,692,144,486,122,404,138,286,136,31,144,562,128,299,145,128,120,712,132,8,135,794,158,113,131,466,135,553,159,521,153,67,153,946,124,764,131,452,138,319,143,74,142,153,148,954,134,917,156,971,169,47,137,87,136,792,141,511,146,541,158,257,152,235,148,55,141,419,160,548,173,269,144,49,152,545,138,453,128,3,144,841,154,335,164,901,147,369,139,328,134,955,145,713,153,635,147,178,146,152,142,534,142,276,157,849,148,431,140,455,144,118,154,69,145,865,120,467,157,249,154,495,156,83,135,151,132,847,140,222,146,779,170,735,156,167,161,678,143,106,155,145,,148,,K
129,771,126,904,140,5,138,621,141,544,136,159,157,621,131,365,149,295,125,226,148,315,139,169,145,335,145,48,161,12,160,151,123,561,140,458,151,674,156,718,136,687,150,798,142,166,141,839,155,852,144,773,121,477,136,454,158,901,131,76,135,43,142,929,136,162,127,183,136,744,147,838,150,559,140,268,143,651,133,466,134,959,132,157,139,817,146,653,151,181,148,19,136,254,147,278,136,29,136,85,152,91,141,511,147,642,146,695,142,44,154,625,138,842,134,744,112,583,136,21,106,902,142,792,138,894,154,206,141,786,143,36,136,777,145,484,150,87,129,668,153,22,151,231,145,27,129,65,129,417,138,716,147,162,147,55,143,223,138,375,126,748,156,67,130,48,142,975,133,411,140,624,127,682,128,234,147,378,137,137,154,401,137,701,138,686,142,542,131,6,144,2,136,27,131,935,146,2,156,627,143,74,130,838,119,205,134,454,142,302,129,847,145,68,136,828,140,344,133,807,138,146,142,97,146,752,148,804,115,94,132,691,,145,6,I
152,428,120,88,137,415,143,547,118,136,159,373,131,888,135,638,124,625,149,73,146,86,142,344,130,646,154,946,140,252,152,483,141,837,123,631,139,496,123,276,139,281,132,394,147,869,156,906,132,559,148,508,137,935,131,208,152,184,144,234,149,739,136,76,154,41,153,229,160,111,134,584,139,59,167,636,157,882,153,777,144,195,155,9,159,839,154,295,142,159,133,16,135,688,170,586,150,14,171,728,129,863,153,737,141,54,138,867,133,701,145,187,138,33,143,373,139,683,137,919,152,246,156,338,130,397,114,119,154,715,138,942,127,105,139,489,149,59,133,181,120,687,134,248,153,688,151,91,134,482,148,421,134,237,150,871,151,627,151,447,158,435,122,921,144,33,136,528,163,714,139,896,144,438,137,98,155,636,150,263,136,398,156,22,131,173,145,287,152,478,142,983,142,45,126,289,149,714,146,509,156,243,159,492,136,653,142,92,134,864,143,607,144,392,144,378,142,78,133,77,145,245,135,365,146,775,133,681,142,2,161,586,,148,7,Q
133,127,138,581,135,613,137,834,128,683,138,29,140,727,131,134,140,198,154,534,142,423,141,92,130,2,146,86,155,303,146,598,152,309,146,318,142,274,130,169,139,1,143,954,136,747,150,343,157,637,132,814,142,417,156,379,123,723,137,156,141,417,158,331,132,752,138,4,156,968,126,679,126,643,158,192,135,828,128,64,119,98,133,306,161,854,149,859,139,404,144,35,151,3,150,846,154,58,140,611,132,59,127,937,156,933,132,54,147,196,126,529,146,955,144,8,121,842,142,149,167,194,138,906,133,623,147,807,130,381,109,44,142,524,148,998,149,894,140,132,126,768,134,972,146,216,168,532,136,251,139,38,115,75,136,191,125,11,143,13,139,379,134,903,144,514,132,52,144,637,141,607,116,95,132,73,143,652,119,494,143,436,131,607,148,162,111,77,111,471,150,724,156,989,146,637,151,631,141,257,140,974,123,61,159,474,153,413,150,969,135,942,143,642,142,96,144,902,127,878,141,6,146,185,141,307,141,123,143,569,136,96,,150,,D
143,69,156,844,144,562,162,141,141,482,161,741,138,554,138,594,127,7,141,777,146,111,148,122,155,507,148,929,135,454,143,451,146,792,143,761,136,547,133,527,140,458,164,897,152,33,147,126,133,457,155,349,133,65,161,595,145,627,162,812,138,539,117,57,133,84,153,73,134,91,164,979,139,596,157,777,151,709,145,24,142,63,148,183,147,883,154,181,154,389,135,167,149,14,148,991,152,186,172,572,152,757,133,48,152,47,121,508,148,213,149,927,163,49,149,838,144,4,139,221,154,993,154,281,152,884,146,819,148,452,145,987,128,569,146,923,149,664,134,32,149,327,136,27,145,502,133,702,118,67,153,1,137,418,142,811,141,721,116,369,137,385,152,558,141,84,152,543,144,504,152,834,150,741,134,929,166,925,146,88,147,893,158,824,138,273,143,643,135,712,148,867,144,263,150,456,131,648,148,932,157,188,153,85,142,651,157,937,156,812,144,6,141,911,135,922,148,32,148,492,147,587,154,498,137,911,169,872,148,723,145,375,,146,5,K
118,32,140,411,150,443,145,105,138,635,160,42,146,179,151,851,142,664,129,295,113,721,134,54,150,651,148,255,130,299,123,891,125,982,126,543,142,86,139,917,150,426,162,332,156,319,114,453,136,756,133,909,119,848,164,14,129,582,120,868,143,467,114,846,137,64,151,648,138,814,164,77,141,838,152,367,156,798,107,658,154,807,146,122,124,478,135,858,157,672,120,46,149,556,150,661,136,19,142,549,141,535,130,371,151,29,139,948,146,948,136,728,130,1,135,695,139,697,114,5,138,732,154,555,146,798,146,264,143,215,150,573,147,14,101,368,138,748,143,65,134,641,129,31,130,625,151,239,153,91,152,825,139,427,153,434,125,442,148,949,140,186,155,464,126,534,134,203,156,279,134,578,126,3,153,565,155,999,138,954,135,488,139,301,160,18,128,258,111,753,129,187,143,97,152,784,112,788,119,942,148,33,155,442,142,493,138,383,141,656,126,577,167,163,124,335,136,287,144,104,143,686,154,309,134,9,127,548,121,679,143,549,,143,3,E
128,848,151,134,117,934,136,654,125,329,133,563,137,266,124,51,125,688,127,776,133,286,130,332,126,529,128,716,106,613,121,603,122,607,142,917,116,647,131,842,115,782,125,286,117,7,134,407,137,15,121,789,114,798,145,784,126,202,140,98,115,652,130,17,122,969,131,881,122,327,108,232,135,734,123,977,123,298,134,3,122,673,121,355,125,785,141,876,124,697,119,33,135,992,123,761,118,807,130,989,140,457,141,794,131,872,125,32,133,398,125,989,127,366,119,226,123,229,126,311,125,706,118,221,117,265,119,302,125,746,133,547,124,325,135,339,118,873,124,953,115,36,138,845,133,71,132,535,132,9,113,603,141,779,128,758,124,123,118,641,130,315,136,657,134,641,136,814,123,858,126,105,129,218,142,861,125,225,133,55,123,427,133,879,123,593,122,854,132,233,126,174,122,477,149,965,127,19,131,61,140,806,116,114,118,853,131,162,139,934,116,942,146,431,122,821,132,262,121,758,132,509,131,187,129,39,128,97,129,347,139,799,,143,1,I
130,6,131,65,136,395,114,391,131,859,124,652,140,42,129,875,126,925,114,53,128,806,124,131,137,886,115,788,119,664,124,144,109,609,147,57,123,372,118,329,133,695,117,788,115,799,125,579,133,556,132,256,121,878,142,58,130,351,123,146,127,908,120,798,124,636,140,282,128,169,121,1,123,76,136,92,119,129,122,16,118,993,138,291,120,379,136,303,129,34,132,363,117,213,123,558,118,513,134,196,132,496,134,174,124,773,123,898,133,502,117,193,138,9,131,34,129,148,108,727,132,748,119,321,120,859,129,28,123,734,137,91,134,896,143,5,132,956,124,244,123,218,131,163,134,495,131,728,120,247,134,577,124,484,114,297,135,337,137,947,126,825,124,338,132,122,113,935,126,559,147,775,118,852,122,96,124,84,142,831,128,894,133,741,125,226,132,818,131,504,118,423,117,995,113,905,129,802,128,823,116,77,137,137,123,861,125,827,135,815,126,521,122,359,112,949,125,749,139,483,115,46,119,349,116,728,118,64,124,631,119,679,,148,3,P
157,249,144,535,137,193,126,69,146,39,147,634,141,288,128,757,149,79,134,163,146,802,160,23,132,791,138,166,153,284,160,957,150,881,157,346,144,839,145,394,138,451,135,774,157,458,150,28,137,642,133,6,126,55,140,94,146,147,133,352,142,434,136,7,134,845,146,347,118,296,146,863,149,737,138,251,144,51,136,787,129,738,160,916,140,46,142,648,151,361,140,709,144,648,124,349,148,253,139,89,142,566,133,133,146,203,141,84,139,6,136,233,143,621,159,476,134,487,138,43,130,282,132,174,129,17,129,822,149,76,147,145,156,434,157,9,139,719,131,409,150,638,155,738,139,711,150,7,146,694,155,673,143,878,136,329,137,396,147,542,140,613,147,793,150,111,139,849,162,47,149,754,144,57,126,473,151,59,146,54,143,622,130,1,129,884,144,613,148,419,146,968,136,942,150,283,149,659,142,655,136,594,146,55,166,51,152,478,143,153,146,936,133,44,149,221,141,42,140,82,127,375,137,771,126,165,134,678,130,585,140,697,,148,3,P
124,885,132,732,129,49,122,57,132,298,131,105,135,641,132,315,141,935,137,586,149,674,146,703,138,677,141,26,154,851,131,695,141,767,147,403,140,441,151,958,119,67,154,275,153,104,141,512,138,747,155,819,161,957,128,84,170,717,131,304,132,348,139,367,141,184,118,13,156,197,132,21,151,616,127,142,129,464,140,966,143,58,120,817,155,991,135,478,154,218,133,814,119,785,144,834,163,199,151,892,140,57,152,563,126,86,160,349,140,77,139,926,151,757,124,984,132,748,149,124,142,953,144,44,122,192,136,87,155,302,135,54,146,507,127,597,145,312,128,98,152,519,137,184,131,136,151,15,151,79,136,399,119,737,119,552,146,163,147,64,145,276,149,458,149,237,122,32,140,88,130,416,105,233,131,509,129,67,149,671,128,215,160,136,145,593,148,901,152,666,144,594,148,272,143,827,134,364,148,364,146,11,128,344,141,59,137,592,151,799,156,74,136,562,127,9,140,23,146,428,135,716,138,772,136,424,145,59,143,152,135,497,,145,,D
140,512,128,277,163,305,153,104,152,9,137,247,155,834,155,728,163,217,141,602,142,525,137,32,143,746,138,71,138,746,120,897,145,555,154,816,140,142,129,674,122,876,150,605,155,58,130,598,150,81,135,155,141,82,134,233,146,771,145,72,158,19,111,312,140,39,155,996,135,821,149,242,137,975,143,34,153,78,139,215,148,808,140,94,163,982,153,779,150,219,160,234,139,234,146,82,131,296,150,423,146,538,156,357,122,219,128,133,140,497,150,472,155,35,147,31,145,655,148,155,133,671,135,707,116,18,158,446,152,885,140,991,131,594,143,35,146,165,138,582,132,361,137,12,147,938,132,147,155,559,149,903,142,83,154,911,155,564,149,794,151,31,144,856,140,316,144,379,164,758,146,182,147,492,120,876,118,514,142,786,151,336,140,509,131,36,137,593,133,672,135,377,158,221,137,777,155,43,135,963,150,726,122,609,150,708,145,75,148,52,147,668,137,46,168,19,146,954,141,116,136,374,135,702,148,968,149,945,148,521,161,542,,140,7,Q
132,925,142,222,144,58,138,976,131,246,121,863,138,896,143,81,131,596,151,23,146,784,135,283,136,7,141,733,118,759,143,954,132,251,130,153,150,447,134,16,132,31,127,117,141,122,151,64,139,516,127,376,106,74,154,48,138,673,118,986,133,808,148,925,145,154,135,339,131,105,119,232,128,159,136,578,134,508,137,539,149,44,141,321,133,434,146,553,153,264,141,12,146,105,139,269,124,963,136,317,147,92,146,415,126,962,137,659,125,514,122,416,135,665,153,835,138,911,154,243,151,579,126,578,120,203,123,866,154,461,135,59,128,394,137,26,135,426,135,37,123,221,152,7,129,267,132,855,124,726,126,412,139,156,124,724,117,368,139,812,127,959,130,145,129,37,145,443,116,58,135,77,127,296,143,496,148,931,135,231,133,213,139,525,133,346,120,73,111,653,129,673,133,88,133,292,120,716,136,228,142,973,126,321,131,779,130,722,146,71,131,629,152,561,135,699,129,19,131,326,150,34,126,474,134,755,125,11,138,299,129,2,,142,1,Q
109,148,136,95,120,217,126,566,136,576,124,195,119,34,137,216,121,564,112,274,145,14,123,974,150,414,109,969,136,772,140,853,121,799,134,477,143,113,123,431,123,825,110,523,120,489,136,206,123,128,131,116,132,327,123,954,138,366,134,611,130,583,111,17,141,7,125,807,127,411,128,423,107,301,146,385,120,584,132,965,126,788,136,362,117,135,109,729,144,367,132,751,142,224,142,349,113,547,137,345,134,606,138,833,134,835,130,294,122,939,125,482,130,48,124,468,133,2,110,961,134,235,138,864,145,719,147,85,138,737,142,718,133,597,143,758,117,537,131,273,144,654,112,936,125,191,143,954,123,1,137,588,144,216,117,741,128,95,156,7,124,589,134,401,144,636,150,636,140,511,120,1,122,536,124,931,114,495,156,675,129,201,138,139,139,642,132,444,121,949,127,96,136,136,144,174,142,77,136,2,128,52,115,662,125,681,142,882,140,97,124,36,132,552,135,858,129,558,125,92,157,466,126,541,131,495,133,534,120,828,105,228,,141,2,R
126,191,135,704,112,724,128,82,129,407,128,321,131,65,125,51,140,28,136,286,126,438,139,679,123,601,145,833,145,4,111,831,142,224,133,89,119,946,139,786,130,416,134,32,113,176,146,123,109,783,119,189,132,27,125,627,127,73,139,68,147,559,135,741,142,935,137,437,131,771,153,428,119,785,137,286,134,381,137,456,138,183,131,777,132,204,136,196,123,621,122,57,131,355,124,204,136,372,133,557,138,87,138,474,125,39,139,669,154,994,116,773,109,61,148,414,147,4,135,516,136,577,119,11,139,671,158,191,129,771,101,469,127,942,134,429,135,789,141,333,144,417,124,91,121,956,121,61,119,49,116,893,153,361,108,777,129,591,128,282,108,281,140,197,125,499,128,132,145,768,125,525,123,16,139,75,131,839,128,948,145,112,113,296,140,873,140,956,127,27,136,393,136,887,121,606,125,184,142,913,146,681,135,681,131,87,129,421,131,22,140,992,135,574,135,115,137,535,140,945,119,952,128,994,135,53,110,715,125,599,127,876,,142,2,L
134,884,115,821,111,404,112,994,131,546,135,442,116,946,136,745,113,418,134,904,107,759,100,997,133,484,121,566,116,683,136,839,124,291,124,242,122,172,148,262,115,844,132,76,110,382,119,786,124,895,132,797,114,439,116,21,111,769,114,36,123,282,112,338,113,926,127,74,129,433,114,52,143,861,134,736,129,5,122,76,119,834,126,673,131,721,124,552,134,428,134,285,116,348,129,101,106,66,117,812,133,753,121,729,141,687,133,96,127,58,114,256,143,23,129,558,127,747,118,223,130,96,133,36,136,76,120,735,127,183,115,951,131,879,125,445,108,522,128,793,123,326,114,4,120,695,119,542,142,106,121,94,117,75,101,27,131,497,131,943,143,541,135,836,112,694,123,16,129,518,122,549,121,677,138,753,125,695,105,237,136,981,125,979,128,595,118,257,133,4,111,897,146,849,134,118,282,108,323,136,472,126,894,118,885,149,19,129,52,144,238,113,828,144,522,138,29,118,826,127,753,123,412,124,969,142,267,135,609,103,964,,143,1,,I
131,978,153,435,119,712,138,53,128,66,107,345,121,291,129,188,127,206,155,385,154,275,123,478,159,799,129,723,121,359,133,456,157,294,131,734,135,854,132,64,122,67,132,434,139,579,125,6,114,187,117,89,117,897,135,78,130,904,114,372,111,666,123,313,149,158,121,493,127,177,116,638,105,808,112,704,131,53,122,91,127,207,139,642,154,857,115,908,138,227,131,736,154,459,128,292,130,518,128,917,121,49,138,813,127,173,125,941,115,52,130,54,146,873,128,342,123,162,121,68,123,582,130,653,129,57,145,173,113,157,122,774,131,796,126,77,115,275,134,416,131,758,131,506,120,851,117,31,137,464,140,544,122,362,125,6,135,914,128,386,139,921,143,119,136,904,113,534,118,363,137,871,123,21,125,392,144,367,124,174,127,199,129,634,135,243,131,317,126,778,129,927,143,802,133,96,135,86,117,939,116,4,135,876,126,749,132,394,143,52,136,869,133,233,148,729,126,56,124,781,126,127,124,114,105,911,126,379,140,633,121,767,,142,8,F
132,61,123,9,137,763,119,568,126,525,104,418,135,804,113,208,140,554,139,422,136,691,135,254,124,178,140,951,134,401,107,187,171,867,119,333,123,122,526,122,487,136,379,119,494,116,868,106,903,140,676,136,18,141,431,127,128,135,734,117,376,138,326,150,349,106,356,140,39,138,859,119,892,136,751,135,456,137,722,122,764,138,888,132,408,126,726,143,477,131,135,120,752,105,952,135,492,113,409,117,625,138,963,135,328,121,963,130,742,138,691,131,828,133,748,119,316,128,63,124,541,126,603,138,36,131,661,126,267,143,945,109,521,107,57,121,63,128,593,129,227,141,875,126,592,139,424,132,716,126,436,129,524,111,744,139,253,112,755,113,487,120,69,133,604,123,527,132,859,126,244,140,758,121,1,118,268,121,514,127,32,120,454,160,518,134,695,160,65,106,415,129,664,107,663,120,906,125,596,128,883,127,68,118,28,137,613,123,716,155,58,107,568,102,231,114,465,128,62,116,864,113,836,132,651,138,473,107,986,132,266,,135,1,,A
140,375,143,439,141,828,155,174,139,754,125,86,135,298,126,183,147,414,126,692,129,904,128,342,135,275,137,806,144,61,119,633,142,746,120,731,133,979,125,444,128,422,130,156,134,791,125,54,130,2,147,858,135,76,119,84,141,807,132,276,139,382,126,279,131,235,137,32,113,655,144,605,139,613,112,674,147,903,133,488,136,4,120,562,139,617,137,12,143,539,146,184,122,24,123,237,119,254,146,265,131,326,127,814,146,12,119,194,108,922,130,536,138,472,129,739,144,624,131,1,139,341,112,429,127,548,121,938,123,337,146,366,129,143,134,868,115,116,140,607,123,722,132,421,151,987,128,869,143,893,110,665,135,992,148,85,139,959,142,377,131,268,126,47,143,942,137,573,131,745,135,677,139,317,136,464,130,98,147,154,131,37,106,72,143,543,152,851,115,48,124,167,132,289,134,69,132,73,123,957,121,539,153,717,135,81,127,817,125,175,116,868,129,421,131,621,130,982,113,682,144,574,140,41,145,166,132,28,126,179,163,289,,141,6,K
140,785,134,542,139,971,135,513,141,505,125,783,128,84,139,549,143,741,127,317,129,604,133,533,160,524,164,282,159,796,135,515,136,12,129,708,144,229,126,711,123,284,133,45,141,167,142,306,142,264,149,523,129,165,155,104,125,671,124,3,151,719,143,314,132,553,143,659,143,252,136,6,113,677,143,731,112,934,145,595,136,432,123,16,134,66,138,153,118,759,105,442,141,851,137,16,145,394,144,307,125,569,127,881,125,559,148,915,144,96,124,815,145,884,136,104,145,2,131,378,146,112,152,461,127,719,142,18,139,278,149,952,145,723,144,595,130,627,135,1,147,19,104,507,150,477,152,13,148,954,143,128,138,78,140,89,131,571,141,56,136,6,141,619,134,178,152,539,133,753,141,164,131,77,145,537,127,68,117,541,142,479,135,613,125,198,124,895,139,879,137,333,134,55,141,62,121,582,133,976,135,748,129,254,120,848,138,29,150,587,131,765,125,625,129,546,124,515,151,6,122,249,141,381,139,565,127,453,135,17,143,644,,143,2,Q
140,895,141,802,126,112,254,149,236,147,629,138,5,133,351,127,682,139,311,123,382,133,482,140,315,126,127,141,581,109,284,126,346,136,284,123,329,116,44,124,785,129,287,130,494,144,688,146,203,143,186,115,405,127,73,132,33,143,687,122,733,137,47,126,751,131,148,139,756,145,7,135,247,125,52,129,979,139,76,127,87,126,297,142,239,139,44,131,797,137,108,131,263,145,482,157,193,126,865,115,314,140,481,124,508,142,379,117,761,128,687,142,396,162,222,125,588,131,636,138,341,142,232,125,47,124,5,144,407,116,146,140,867,141,564,141,725,141,496,136,5,139,105,140,108,124,45,139,843,119,224,127,561,132,71,132,748,140,922,125,703,129,262,142,791,124,559,115,23,140,946,140,64,135,578,131,156,119,846,139,12,127,299,132,908,123,43,131,445,123,18,141,36,123,412,134,795,162,11,127,264,144,699,144,945,134,6,131,605,131,201,133,557,144,281,126,978,137,896,129,51,131,929,142,245,130,282,146,434,141,158,,141,6,,L
126,339,139,703,115,506,127,474,123,216,134,511,132,12,148,937,138,684,139,243,116,472,124,257,137,312,130,533,142,416,136,85,139,196,133,795,125,182,142,201,130,303,132,839,141,6,129,176,116,478,144,757,136,358,133,658,134,2,144,835,133,536,146,12,136,86,128,649,143,673,145,77,135,491,145,359,129,572,122,279,136,586,122,432,120,59,129,539,125,662,143,851,138,919,129,165,115,534,144,93,151,706,141,773,133,851,145,263,133,656,150,703,141,614,131,376,120,586,137,366,131,797,122,321,128,219,143,1,130,43,137,612,143,437,121,313,128,685,132,102,124,229,123,138,604,131,188,146,113,136,9,148,576,138,367,136,552,123,932,124,588,131,434,139,896,117,148,151,146,135,238,141,86,134,786,123,998,129,84,133,965,134,423,134,91,151,89,124,331,145,971,136,825,126,948,124,533,138,305,142,754,119,814,117,521,116,287,134,13,136,412,143,567,140,194,140,665,149,116,136,539,117,146,152,63,142,974,121,256,132,498,,141,3,,E
127,346,130,118,121,189,121,109,163,63,141,87,145,853,125,52,132,831,122,802,135,385,130,38,117,72,143,342,116,742,127,58,131,626,141,87,135,893,143,691,119,653,115,115,131,29,121,794,143,267,142,681,147,69,152,543,132,678,126,21,139,34,106,407,107,139,129,873,132,189,147,774,124,68,129,272,129,77,135,304,145,552,137,72,142,948,125,803,138,231,148,938,145,79,136,227,127,978,141,81,127,511,133,774,129,307,131,368,140,139,135,503,128,831,126,19,149,144,147,773,122,36,124,68,121,861,148,856,137,37,121,76,125,4,138,67,146,28,136,111,122,966,124,71,126,629,114,448,115,285,121,738,144,183,148,688,128,54,115,967,142,998,130,242,121,748,161,6,136,98,120,487,125,54,126,58,121,904,129,547,113,65,120,684,130,391,132,32,122,634,139,18,147,446,127,553,142,684,123,173,159,412,140,444,135,921,146,878,122,41,122,339,135,39,136,99,100,811,148,266,132,755,119,769,130,815,135,335,131,256,121,245,,146,5,D
143,442,128,191,122,858,143,668,127,491,147,568,136,879,138,607,139,482,110,847,124,779,141,293,146,333,124,946,142,11,134,831,127,295,125,572,128,849,145,678,135,939,129,453,144,912,132,93,123,499,127,306,129,3,148,283,134,756,134,487,119,276,126,805,156,471,131,862,164,51,139,878,137,42,133,19,128,201,157,381,130,476,126,938,136,514,120,687,134,142,128,395,127,89,113,291,158,321,122,237,139,73,124,794,138,492,134,4,134,801,135,35,133,673,128,123,137,299,137,632,135,229,139,936,132,211,147,412,138,925,127,766,124,959,133,243,130,408,129,579,123,259,131,478,124,677,143,676,128,435,144,222,133,265,139,748,137,417,140,204,135,259,157,908,134,423,146,208,122,947,142,115,121,36,125,142,127,609,119,161,146,841,145,329,127,712,124,31,134,947,131,775,129,275,143,222,133,237,146,812,109,86,110,964,139,184,140,134,129,872,126,418,112,891,126,953,111,323,140,398,139,499,149,464,136,22,129,798,118,296,135,913,,141,,R
112,409,121,415,133,941,136,897,152,465,131,963,130,278,145,839,137,728,118,556,120,818,114,128,141,597,127,841,120,559,137,21,115,926,121,94,131,281,143,397,135,823,125,445,143,903,139,75,147,618,145,64,122,104,128,162,127,76,139,844,130,44,141,314,131,423,147,68,120,727,132,101,143,175,139,245,123,572,124,58,129,432,139,113,120,412,132,669,134,571,128,466,129,654,143,175,114,436,134,208,123,566,134,843,127,953,138,576,131,215,134,922,105,113,148,91,137,37,136,963,140,319,111,809,129,58,132,907,117,208,133,827,130,608,150,249,140,571,133,338,121,937,148,667,137,188,127,268,148,421,139,973,141,649,127,36,138,696,116,527,130,961,154,57,129,927,121,722,122,875,133,74,126,914,122,424,129,862,138,224,127,756,135,849,122,238,155,45,129,163,119,307,131,805,124,214,134,103,150,586,116,177,129,785,132,997,130,59,120,531,154,675,143,612,123,73,130,85,124,416,145,896,122,504,139,78,137,476,118,369,129,483,,138,5,T
132,309,153,29,137,677,151,77,142,349,129,235,159,86,134,119,133,146,136,997,154,37,138,891,135,932,148,165,128,448,147,115,152,415,150,796,136,477,143,42,138,967,142,111,133,499,142,268,127,405,158,42,127,712,106,52,151,711,144,632,127,808,124,87,140,613,151,74,119,432,146,845,147,54,118,298,147,85,142,572,142,239,151,2,139,272,135,216,146,296,155,652,134,219,136,251,133,587,146,584,140,191,152,62,119,46,139,501,139,332,148,148,149,986,138,131,150,493,148,337,141,666,135,55,137,906,150,945,155,853,152,23,176,202,131,277,139,727,153,853,120,615,157,403,140,995,136,576,152,281,133,752,132,58,140,141,140,437,152,506,129,552,126,5,149,373,140,794,141,2,135,3,139,445,131,582,163,194,145,739,155,15,128,458,137,401,157,816,146,285,136,33,151,62,146,365,138,714,157,645,139,226,139,946,143,854,118,391,161,867,135,38,155,538,138,245,130,597,145,1,125,381,143,847,138,25,138,199,121,418,149,501,,146,3,L
136,574,149,998,137,648,149,614,148,8,142,72,155,681,133,958,151,504,142,399,127,16,144,78,129,361,147,91,136,887,140,99,162,84,138,359,147,338,125,805,148,963,144,577,139,611,150,746,150,859,146,491,127,547,147,669,172,914,130,12,136,153,130,135,158,493,142,64,146,703,152,283,182,882,131,948,134,684,150,408,139,4,134,54,124,712,134,4,149,555,141,46,128,456,146,38,158,119,153,6,132,68,137,522,135,942,139,641,145,371,153,19,159,48,141,628,147,595,137,943,147,429,134,145,138,588,108,932,130,116,148,215,151,151,133,117,131,242,147,803,159,129,142,305,145,695,156,593,145,797,153,212,145,13,142,613,152,482,153,377,135,75,144,799,142,376,129,496,123,811,149,765,168,928,142,973,164,228,140,185,127,516,132,825,141,165,149,118,141,616,145,602,142,856,143,788,143,578,145,729,144,93,149,536,140,77,145,884,148,605,127,46,151,264,145,771,129,234,122,897,143,949,156,482,149,95,127,969,145,442,140,435,,146,4,S
163,183,156,316,138,236,156,796,142,74,156,645,135,36,125,937,148,714,143,636,146,882,134,164,142,763,147,304,161,258,146,464,149,538,145,962,169,193,143,833,144,68,148,312,134,911,148,174,152,343,145,44,141,681,157,252,140,852,147,78,139,269,133,827,140,162,146,301,147,903,147,406,141,134,151,547,145,752,147,983,140,958,151,401,146,333,168,796,154,505,147,31,156,412,167,759,139,811,165,378,138,536,162,852,162,283,153,706,163,508,137,161,148,618,160,766,162,838,151,86,158,25,148,943,136,7,172,36,138,528,147,104,140,188,153,564,146,228,153,803,155,544,157,592,152,344,149,51,150,892,147,618,149,414,148,235,143,378,135,126,135,283,145,245,140,33,153,75,139,523,133,24,144,681,155,953,151,339,125,957,131,499,150,342,143,399,119,737,144,95,131,242,116,759,165,392,139,414,129,761,145,211,143,108,138,23,124,616,163,181,149,159,34,129,328,147,602,171,149,145,6,152,243,170,83,142,692,142,991,144,537,,149,6,,D
158,16,161,367,135,618,131,49,145,254,159,28,141,183,139,861,147,295,138,924,137,5,130,695,125,94,150,839,138,95,163,215,140,99,154,586,152,199,153,507,131,113,143,41,155,189,148,58,120,398,101,4,137,964,157,99,157,391,143,399,154,99,155,904,155,961,141,835,140,128,149,86,135,73,156,619,123,794,137,342,140,991,160,887,172,476,147,982,147,769,151,231,134,638,132,65,147,872,142,25,140,643,149,236,145,6,156,89,141,797,145,849,153,675,153,645,131,561,142,684,146,45,165,828,141,67,139,72,148,95,151,372,121,664,117,991,142,945,128,994,156,94,138,998,154,479,135,794,120,964,141,43,130,62,155,403,132,357,144,836,140,556,144,507,157,478,145,231,147,219,131,909,118,728,153,247,121,482,159,79,123,556,147,354,145,951,130,409,138,963,138,557,157,837,145,866,146,485,136,788,156,872,164,231,123,591,127,809,141,798,133,275,142,411,137,165,137,683,170,922,144,959,141,627,130,494,127,941,133,389,139,596,,141,4,Y
121,497,120,39,130,606,128,217,106,572,148,655,122,656,141,891,133,494,136,8,129,177,132,424,114,319,108,242,111,669,112,241,102,877,125,245,103,555,126,383,136,262,136,944,148,877,122,983,122,531,134,82,121,341,131,256,108,356,119,341,126,98,108,266,115,85,126,484,111,264,114,138,108,389,132,209,143,757,120,692,131,387,120,315,132,579,132,628,119,953,117,5,119,79,117,252,114,76,137,55,127,333,106,964,119,846,115,849,125,979,121,976,134,913,129,92,135,83,127,728,123,804,137,141,112,727,118,891,108,517,124,117,148,288,121,39,145,151,131,95,112,662,126,413,124,6,115,861,114,383,134,635,124,395,121,64,119,872,118,64,136,871,120,773,118,555,117,128,126,84,123,801,137,616,120,782,132,603,107,99,118,268,124,942,112,102,103,573,104,284,119,3,126,916,130,378,111,325,130,704,129,72,118,409,115,61,121,681,117,413,133,907,125,283,128,36,122,974,112,937,144,253,148,304,126,648,100,598,114,548,134,812,,135,8,N
132,888,137,563,129,794,130,72,133,147,124,892,121,774,127,467,143,914,117,302,140,788,126,148,158,94,125,327,129,171,132,389,138,595,129,251,148,91,128,71,133,712,125,298,137,826,146,954,158,607,129,239,141,292,135,6,117,217,111,892,125,18,143,243,134,231,124,82,134,328,123,428,141,239,123,836,147,131,133,1,138,32,152,318,132,29,121,159,144,31,143,364,125,268,119,325,131,857,121,934,143,491,151,306,139,555,138,691,122,614,121,443,129,119,126,54,151,287,135,915,143,352,161,317,145,227,136,415,134,187,119,65,119,21,107,975,118,267,130,463,140,135,138,733,137,317,159,542,126,919,123,12,119,669,142,664,138,941,141,876,125,144,117,847,136,443,123,647,138,155,144,738,123,871,126,937,108,94,142,521,129,45,112,458,139,885,127,947,146,974,117,164,141,152,143,39,115,256,129,819,127,576,129,446,119,106,120,172,147,569,132,6,131,51,142,71,135,418,140,763,130,265,140,828,121,662,129,261,139,229,119,52,,141,6,I
143,349,140,532,145,130,43,146,672,126,427,130,988,129,839,142,753,118,282,107,766,126,49,123,912,146,158,143,209,123,45,132,47,141,169,111,646,117,713,127,554,148,434,134,42,129,488,120,303,129,257,119,4,123,396,132,62,140,685,138,909,125,937,123,435,129,17,139,889,127,826,128,392,124,731,123,24,112,807,118,153,128,768,134,61,121,509,128,847,121,259,129,741,119,64,131,493,160,833,130,587,125,284,124,951,125,312,131,102,141,603,133,857,139,882,113,808,124,572,142,43,108,347,120,401,138,12,132,205,126,599,131,17,120,228,144,568,152,688,128,557,121,629,127,186,116,8,162,783,133,276,120,508,144,88,136,533,148,229,154,656,128,366,138,109,139,562,140,777,130,57,147,9,134,213,112,174,149,534,140,52,148,784,122,642,128,529,119,995,155,584,149,275,137,317,144,666,129,545,123,108,123,265,132,227,120,584,138,197,125,102,121,224,145,685,154,525,108,294,131,885,130,69,121,748,123,22,130,404,128,85,,139,6,,Q
122,73,120,34,131,394,113,508,107,362,119,734,117,682,119,215,121,631,116,396,132,238,127,23,103,8,122,503,136,865,121,466,121,9,134,686,142,84,121,768,125,197,137,341,115,284,126,205,123,7,104,868,126,948,114,651,123,221,104,284,120,914,123,22,121,492,136,286,117,26,126,729,110,915,127,77,123,296,115,788,118,516,101,562,117,608,115,447,140,526,115,386,131,445,110,193,116,836,125,975,135,589,133,186,134,764,131,94,128,775,128,185,121,13,109,739,125,224,101,795,119,485,108,154,120,514,119,717,139,513,140,593,129,582,131,4,126,157,131,427,116,242,121,662,132,385,127,754,113,574,116,276,129,733,138,274,135,59,118,761,123,192,118,578,129,303,115,733,132,832,122,333,124,276,129,194,118,584,140,188,130,12,117,491,101,464,126,443,114,334,119,706,132,895,116,879,119,758,122,695,109,278,119,654,141,123,123,425,103,193,127,964,130,421,110,238,128,626,106,69,121,562,133,317,125,18,129,51,117,929,116,489,,142,8,K
122,396,123,931,115,294,127,145,129,256,123,911,136,355,107,152,109,332,132,481,109,339,119,186,125,586,122,46,125,41,114,27,116,364,138,815,128,617,129,371,109,942,123,294,125,7,113,22,125,958,128,347,137,258,137,477,106,756,125,491,123,849,125,694,122,178,147,727,121,996,127,736,122,15,126,239,141,433,143,884,120,487,115,88,121,469,109,404,119,105,126,687,131,701,146,791,135,25,110,599,126,535,114,814,132,865,140,533,106,936,121,833,133,17,116,291,114,655,117,891,114,297,149,16,112,259,116,679,120,154,125,803,117,252,138,598,124,914,151,925,132,727,115,799,125,594,125,235,102,82,137,45,119,343,118,965,133,534,136,769,140,165,149,2,127,55,128,582,126,703,151,61,117,359,131,527,127,974,129,645,131,119,107,552,124,8,137,547,124,806,114,214,141,281,123,241,131,856,123,367,116,444,128,525,108,739,125,832,123,651,110,906,120,801,125,61,135,819,132,798,117,292,133,482,109,223,110,695,118,63,126,483,,132,5,E
131,63,141,538,129,636,137,205,156,29,159,261,137,176,132,379,131,111,134,603,138,59,134,178,136,166,121,485,124,221,141,365,145,85,127,43,141,912,153,44,139,377,141,952,125,939,144,13,156,764,141,31,140,796,138,366,126,12,130,133,124,537,128,299,138,5,132,277,131,122,120,63,125,257,125,975,138,144,127,816,152,91,133,538,130,536,150,183,151,354,131,773,142,92,127,199,134,804,137,757,148,216,142,86,136,573,164,46,153,676,143,796,140,138,146,18,129,868,139,84,122,31,148,37,132,848,143,949,134,585,133,838,143,993,120,929,136,104,134,992,155,634,142,951,134,425,130,14,139,707,139,196,150,648,132,555,156,135,157,214,134,208,130,53,133,555,148,92,140,477,150,425,123,74,131,551,154,148,133,132,122,469,146,711,133,98,158,271,141,225,163,129,136,391,160,8,128,583,127,616,118,751,141,744,119,171,142,15,136,837,140,162,143,55,140,265,124,356,130,489,161,805,132,807,138,498,127,198,133,981,133,185,,144,6,S
143,495,133,683,118,279,137,98,126,936,139,894,141,609,135,942,135,21,148,263,130,185,149,42,139,772,130,667,121,96,139,396,142,747,150,29,145,455,143,731,133,512,133,148,139,433,141,488,125,128,153,322,127,278,143,568,133,212,137,846,139,688,152,212,148,352,135,299,143,55,135,421,115,921,135,731,150,773,132,89,136,493,127,812,140,541,146,698,121,201,140,334,143,957,135,375,146,235,137,301,129,274,136,405,148,854,146,98,136,613,139,519,136,949,141,37,142,303,132,831,137,88,129,849,144,862,132,87,136,194,121,55,121,898,126,3,120,635,138,962,136,454,146,813,137,692,150,447,155,98,131,491,141,263,152,73,134,49,133,66,140,742,156,831,155,71,143,719,135,408,136,16,138,379,141,192,133,537,134,934,130,908,139,804,132,815,128,419,146,84,138,908,132,53,134,67,149,493,148,462,159,652,138,74,139,313,133,38,149,353,143,843,143,26,146,781,142,873,136,605,122,371,131,35,131,324,119,456,138,687,141,138,,143,3,T
140,795,122,12,140,916,130,961,139,409,141,79,135,712,136,131,121,313,141,617,142,512,150,997,136,234,145,907,129,317,142,47,154,496,116,798,149,627,141,587,151,387,129,566,125,625,130,142,132,59,123,516,140,711,144,291,146,445,131,981,123,684,138,192,139,837,138,961,134,752,136,283,126,6,135,485,126,178,148,863,147,956,131,214,132,43,147,66,149,464,147,32,116,118,118,895,131,146,149,396,121,618,117,968,129,578,129,366,135,482,146,933,127,613,140,446,143,782,141,142,138,558,129,813,142,424,135,86,138,155,139,495,134,31,126,392,119,56,127,957,120,569,126,403,135,658,132,776,133,994,139,346,139,823,135,315,136,735,131,118,134,986,136,466,132,85,134,487,132,548,146,355,133,212,147,887,131,62,135,13,135,517,139,404,148,116,130,385,133,632,141,168,130,913,141,17,134,489,157,574,138,478,141,247,145,157,126,304,132,982,121,55,160,385,150,658,115,333,134,358,120,743,152,205,121,157,137,893,146,603,133,534,,141,8,L
133,591,133,845,122,376,142,4,116,683,122,432,137,83,115,705,125,106,134,871,128,459,143,848,138,137,132,896,153,715,142,261,123,823,125,621,140,24,140,992,149,251,145,536,135,355,109,681,131,179,136,106,141,192,129,171,137,157,128,47,127,722,154,376,155,826,126,518,120,559,125,556,124,769,125,693,117,555,128,182,141,629,130,553,153,29,131,279,135,67,154,549,125,544,153,972,133,597,129,818,146,832,125,336,150,709,125,778,129,162,134,869,132,59,144,299,130,351,155,555,136,27,139,351,144,232,143,447,137,628,123,285,147,42,133,15,139,903,149,199,129,34,163,469,132,408,110,663,128,273,147,244,148,14,136,954,117,551,129,674,126,617,150,299,140,196,135,205,135,642,130,3,139,801,124,805,131,205,144,22,125,801,147,222,129,794,142,577,134,885,124,111,124,947,134,653,106,488,133,237,112,41,138,26,139,175,139,765,125,612,134,537,116,218,146,603,140,649,117,8,152,87,129,486,132,589,139,326,146,349,126,162,,142,2,H
123,21,144,5,121,171,136,351,127,13,145,468,136,13,124,56,122,662,132,61,114,341,150,169,124,291,129,368,126,739,141,33,131,727,136,725,132,192,113,635,151,917,134,5,116,164,151,524,127,715,121,321,127,893,145,276,136,19,123,578,122,825,132,971,124,345,130,358,136,714,125,604,118,392,127,52,146,656,134,432,123,332,148,809,128,747,131,778,151,195,119,498,135,842,122,16,143,753,160,7,123,111,130,939,134,947,119,499,147,281,133,293,135,189,111,941,127,127,122,113,142,552,124,395,131,97,146,247,123,657,130,52,124,748,122,877,144,265,142,138,141,875,113,523,133,212,137,28,142,924,144,364,131,965,132,89,117,35,128,756,129,863,132,558,112,75,124,63,142,38,133,27,133,177,154,967,134,932,148,926,125,168,134,396,131,958,138,814,145,306,142,135,100,81,129,657,151,971,115,954,122,392,139,824,130,818,133,665,152,59,147,458,132,202,112,944,158,708,120,6,131,575,137,789,129,576,142,309,142,704,127,155,,143,,L
127,401,131,657,137,948,126,426,128,482,129,241,134,336,122,532,131,617,139,295,114,583,127,33,132,165,123,77,127,73,129,597,134,751,127,852,132,643,117,552,130,326,122,842,142,39,115,738,128,905,160,75,108,76,120,805,117,916,127,95,125,514,130,99,121,513,132,982,132,744,123,831,130,65,144,386,139,857,143,641,120,155,117,251,130,408,132,302,138,3,143,164,133,873,110,167,128,14,143,176,139,16,136,941,148,97,114,711,116,922,120,899,122,872,125,612,128,312,120,951,134,37,142,674,121,833,119,829,125,467,119,184,130,659,132,119,126,41,140,832,124,407,131,132,134,241,128,683,132,35,131,38,129,1,125,489,133,44,137,794,120,75,128,313,116,914,109,612,125,11,130,113,143,461,132,18,136,751,114,281,126,17,118,994,116,758,153,613,119,869,136,809,127,581,105,56,131,972,132,945,130,412,119,931,124,259,128,53,111,448,128,854,125,49,138,543,142,463,128,614,128,839,128,723,141,151,138,798,140,948,135,279,,139,4,V
124,442,133,173,134,159,152,9,139,173,115,751,142,126,156,46,127,409,136,487,124,631,118,35,143,458,123,357,130,409,129,527,133,995,107,77,140,801,121,903,132,332,146,533,132,99,153,894,138,414,147,776,143,948,120,465,118,276,131,171,113,621,130,972,138,636,134,488,128,7,105,706,141,13,135,642,109,88,139,814,136,429,136,408,139,653,124,74,134,152,147,321,138,968,112,863,116,557,139,941,125,248,121,166,111,332,127,5,140,513,134,818,154,36,140,891,137,62,130,124,853,129,114,127,727,139,944,128,61,142,363,132,31,134,196,148,1,140,64,132,909,127,919,145,21,146,415,122,88,154,287,135,786,131,555,121,241,130,515,133,728,144,821,137,98,141,636,131,564,154,463,135,447,140,898,135,562,130,921,140,56,121,213,121,838,130,2,104,157,134,775,119,76,127,348,124,656,137,772,124,722,151,333,107,41,156,903,139,623,117,185,163,19,127,736,139,58,147,206,144,509,119,837,137,929,143,66,121,363,158,5,,143,5,,L
140,974,145,244,127,617,153,471,132,341,138,689,150,79,144,134,122,325,134,855,134,91,122,414,128,347,141,402,135,12,127,746,126,267,139,988,131,992,146,768,139,767,112,492,149,206,123,325,124,34,134,673,132,306,152,312,134,122,129,19,125,737,127,503,128,868,139,996,148,271,136,615,166,158,133,254,119,39,126,963,131,587,152,118,891,101,952,111,685,132,915,143,212,118,255,138,294,125,23,139,42,140,769,113,141,131,465,144,689,124,359,132,387,134,704,126,288,137,96,134,143,124,551,129,379,136,844,132,4,113,113,132,77,153,806,142,287,137,646,115,549,131,905,150,139,129,727,141,268,109,814,141,521,120,217,126,83,145,756,131,397,148,777,127,935,155,567,152,9,140,803,131,16,140,35,147,343,151,155,113,13,137,53,113,123,118,853,137,894,119,709,136,67,140,436,156,556,136,667,142,81,141,594,118,388,158,616,140,381,147,999,139,392,120,605,134,625,141,77,137,561,126,245,132,919,127,79,128,478,125,93,,141,9,,R
124,332,124,546,129,558,112,683,137,77,137,474,118,554,130,906,137,81,111,73,132,855,118,952,151,965,145,445,129,53,129,62,116,788,141,474,114,812,130,42,134,514,118,785,120,557,120,653,129,589,119,381,112,769,139,541,143,151,130,658,132,81,176,124,147,915,138,618,140,486,143,685,125,391,135,129,135,793,105,194,136,331,125,376,123,256,106,426,154,41,133,255,127,541,149,4,128,22,131,546,135,555,126,98,120,574,122,196,116,146,124,38,135,975,127,606,130,725,131,453,117,761,137,995,123,183,127,26,132,249,130,377,144,807,139,802,123,139,134,207,140,311,154,56,119,677,143,133,150,42,124,344,133,9,132,98,126,527,136,746,137,85,148,192,115,363,136,154,125,655,135,485,122,839,138,671,131,477,169,33,135,979,129,159,118,619,120,124,112,541,114,945,135,286,134,719,112,73,128,682,118,695,136,958,122,578,128,647,150,95,142,62,122,823,105,469,117,505,122,464,127,809,119,14,137,31,126,139,118,653,139,126,,141,7,L
139,789,153,717,150,525,136,215,136,692,114,369,135,598,146,288,126,155,134,386,113,441,129,105,143,487,165,818,129,864,134,357,149,777,111,801,129,937,155,496,128,94,125,552,999999,120,901,1,0,1,0,129,845,131,372,147,957,108,668,999999,153,312,140,97,1,0,119,818,999999,122,212,128,424,999999,999999,126,695,118,626,169,289,119,17,118,322,140,163,131,389,116,523,128,97,144,404,143,399,135,965,999999,999999,117,851,138,492,121,459,169,125,114,372,130,584,107,607,999999,135,171,149,101,136,109,150,144,99999,999999,138,49,132,646,126,378,151,252,144,644,123,83,119,139,110,24,142,25,137,951,120,174,138,155,142,741,999999,147,393,128,856,129,931,133,203,132,766,124,698,104,625,152,715,130,512,144,339,145,94,147,313,113,251,124,54,143,125,129,555,136,449,145,789,138,966,143,397,122,707,999999,123,635,139,447,132,375,160,557,121,602,153,395,134,921,145,138,143,77,113,195,140,962,154,881,,142,2,,,,,,,,,,,,,R
